1.000000000000000000e+00,-8.362121940570766965e-01,9.984705222387609824e-01,-7.265870504481771741e-01,9.971618140490134952e-01,-3.065345453686646460e-01,9.977581609930160633e-01,-8.227203175465422902e-01,9.988629540952863595e-01,-7.170100178713852968e-01,9.985038251628501893e-01,-5.519143440371397924e-01,9.989646448360098852e-01,-3.679657575016791471e-01,1.000000000000000000e+00,-2.305797724934947612e-01,1.000000000000000000e+00,-6.892944758454619958e-01,9.959592550690127277e-01,-4.455234954942382530e-01
1.000000000000000000e+00,-7.923571686604387043e-01,9.985073598315107324e-01,-6.973854014609044416e-01,9.972153716138808521e-01,-2.771586538489748675e-01,9.978019042336128130e-01,-7.891821390537294700e-01,9.989438641295002030e-01,-7.033992247920470842e-01,9.984685595105731171e-01,-5.250770249724578953e-01,9.990919640506196187e-01,-3.479282003456944383e-01,1.000000000000000000e+00,-2.321535619303932152e-01,1.000000000000000000e+00,-6.820998812563618952e-01,9.960242326884468644e-01,-4.373739106331805404e-01
1.000000000000000000e+00,-7.490086644700205687e-01,9.985422243226972361e-01,-6.678230026380005402e-01,9.972695564930730283e-01,-2.474844245357661898e-01,9.978469805992729036e-01,-7.559634993272494885e-01,9.990227684825344623e-01,-6.892307749136825645e-01,9.984324632471880401e-01,-4.985701196893180809e-01,9.992123284473105604e-01,-3.277927135822883420e-01,1.000000000000000000e+00,-2.329011618007341966e-01,1.000000000000000000e+00,-6.745522901030751584e-01,9.960869499434163998e-01,-4.289682464768785342e-01
1.000000000000000000e+00,-7.066789033816851529e-01,9.985747481381207491e-01,-6.383081677860884540e-01,9.973237024327151756e-01,-2.179308938646320748e-01,9.978926440652249319e-01,-7.234812307344598015e-01,9.990989683286938261e-01,-6.746986679489048733e-01,9.983962937464907483e-01,-4.726820625391336961e-01,9.993248197760929985e-01,-3.078213695920371529e-01,1.000000000000000000e+00,-2.328905114289455125e-01,1.000000000000000000e+00,-6.667692514076848376e-01,9.961466883879743772e-01,-4.204269398049922390e-01
1.000000000000000000e+00,-6.657391643536496595e-01,9.986047388958280147e-01,-6.091677250596017057e-01,9.973772558772290298e-01,-1.888328624357348273e-01,9.979382520832276171e-01,-6.920389612235964272e-01,9.991720028945179077e-01,-6.599716444790633130e-01,9.983606909396719464e-01,-4.476175868337093355e-01,9.994290116954456238e-01,-2.882182147857790810e-01,1.000000000000000000e+00,-2.322024266713752227e-01,1.000000000000000000e+00,-6.588496198672155746e-01,9.962029895784038080e-01,-4.118455397265322615e-01
1.000000000000000000e+00,-6.264417709707048587e-01,9.986321420032308049e-01,-5.806542530120077927e-01,9.974297692775696556e-01,-1.604473968362963299e-01,9.979832714701778462e-01,-6.618438726053141874e-01,9.992415994171049975e-01,-6.451938521664909443e-01,9.983261632654986117e-01,-4.235125920020063051e-01,9.995248509242465884e-01,-2.691355011663523200e-01,1.000000000000000000e+00,-2.309230609115488775e-01,1.000000000000000000e+00,-6.508749378747928915e-01,9.962556062106272536e-01,-4.032988279033870027e-01
1.000000000000000000e+00,-5.889427217233359491e-01,9.986570041441212853e-01,-5.529555321761723263e-01,9.974808913110068120e-01,-1.329631598869481790e-01,9.980272758847943404e-01,-6.330245686239773795e-01,9.993076276342882647e-01,-6.304863168987050459e-01,9.982930888228376265e-01,-4.004486065935721761e-01,9.996125499914138013e-01,-2.506812262390291091e-01,1.000000000000000000e+00,-2.291382382226227477e-01,1.000000000000000000e+00,-6.429113536312103250e-01,9.963044543565383604e-01,-3.948446148082838114e-01
1.000000000000000000e+00,-5.533227503538447056e-01,9.986794411078318001e-01,-5.262047127073757880e-01,9.975303555078848250e-01,-1.065108840080456476e-01,9.980699376587446325e-01,-6.056480543446944864e-01,9.993700612408222828e-01,-6.159488984432059944e-01,9.982617266440764192e-01,-3.784656886558538380e-01,9.996924978198831191e-01,-2.329269097222010365e-01,1.000000000000000000e+00,-2.269295797376383594e-01,1.000000000000000000e+00,-6.350117152321965719e-01,9.963495707798739609e-01,-3.865270082308011612e-01
1.000000000000000000e+00,-5.196056772107209287e-01,9.986996114961964599e-01,-5.004901886257275834e-01,9.975779684123430302e-01,-8.117379689727269310e-02,9.981110164192700251e-01,-5.797347278023182726e-01,9.994289469019236316e-01,-6.016624907070264872e-01,9.982322334738914504e-01,-3.575732721193825014e-01,9.997651896006277683e-01,-2.159149155252603203e-01,1.000000000000000000e+00,-2.243721450896936642e-01,1.000000000000000000e+00,-6.272176147977059912e-01,9.963910770966953878e-01,-3.783791223777733803e-01
1.000000000000000000e+00,-4.877736661718287126e-01,9.987176965150603714e-01,-4.758645864766685163e-01,9.976235980611758425e-01,-5.699726092850115888e-02,9.981503463961881595e-01,-5.552709449565216282e-01,9.994843803269397586e-01,-5.876912942245392513e-01,9.982046825000245871e-01,-3.377589010422290539e-01,9.998311745631659475e-01,-1.996649418652744479e-01,1.000000000000000000e+00,-2.215332421240076843e-01,1.000000000000000000e+00,-6.195612599310460489e-01,9.964291510755124426e-01,-3.704252791506209563e-01
1.000000000000000000e+00,-4.577794649993796594e-01,9.987338852832955416e-01,-4.523525884495231408e-01,9.976671632778020271e-01,-3.399724381367869031e-02,9.981878237363375206e-01,-5.322191429597611378e-01,9.995364883885818896e-01,-5.740850423257838342e-01,9.981790816469977567e-01,-3.189950340282335928e-01,9.998910188995552284e-01,-1.841795301082856662e-01,1.000000000000000000e+00,-2.184720704296635452e-01,1.000000000000000000e+00,-6.120671201171485887e-01,9.964640045307265881e-01,-3.626827820891660448e-01
1.000000000000000000e+00,-4.295559500537617370e-01,9.987483647413376575e-01,-4.299575199327081432e-01,9.977086240555651520e-01,-1.216748836259606836e-02,9.982233946542879988e-01,-5.105257418737116915e-01,9.995854161268211691e-01,-5.608811040297169148e-01,9.981553900459104733e-01,-3.012442063874578579e-01,9.999452807350304173e-01,-1.694485896666774738e-01,1.000000000000000000e+00,-2.152399163372356594e-01,1.000000000000000000e+00,-6.047533386708170422e-01,9.964958668730931057e-01,-3.551633443575767379e-01
1.000000000000000000e+00,-4.030233922169744742e-01,9.987613131655584953e-01,-4.086667581118790249e-01,9.977479731428995358e-01,8.514592731925729741e-03,9.982570448667149599e-01,-4.901271484763765618e-01,9.996313175377119498e-01,-5.481064180652276407e-01,9.981335320400106514e-01,-2.844628597111494850e-01,9.999944942273841786e-01,-1.554530192930248245e-01,1.000000000000000000e+00,-2.118806811816019708e-01,1.000000000000000000e+00,-5.976329241945381732e-01,9.965249732766161550e-01,-3.478742414785598869e-01
1.000000000000000000e+00,-3.780948691459866118e-01,9.987728963722877218e-01,-3.884560843904982241e-01,9.977852288330226749e-01,2.808318325378428293e-02,9.982887904888511077e-01,-4.709542076044895831e-01,9.996743492030853995e-01,-5.357792354733650342e-01,9.981134085813649914e-01,-2.686041262200062896e-01,1.000000000000000000e+00,-1.421675435015668787e-01,1.000000000000000000e+00,-2.084315853851154698e-01,1.000000000000000000e+00,-5.907147461470698691e-01,9.965515564760781819e-01,-3.408192460710879335e-01
1.000000000000000000e+00,-3.546802116130345350e-01,9.987832658407234110e-01,-3.692931295841331840e-01,9.978204288917020826e-01,4.658033761514307480e-02,9.983186703970823306e-01,-4.529354235543114893e-01,9.997146659989037953e-01,-5.239106646761670927e-01,9.980949061664478039e-01,-2.536198137874298153e-01,1.000000000000000000e+00,-1.295628929810832275e-01,1.000000000000000000e+00,-2.049239415020337463e-01,1.000000000000000000e+00,-5.840043623017352470e-01,9.965758413382522773e-01,-3.339993895115433986e-01
1.000000000000000000e+00,-3.326888154063561975e-01,9.987925581452188339e-01,-3.511400628122268719e-01,9.978536255177237191e-01,6.405310042046999386e-02,9.983467399592214075e-01,-4.359992308732268951e-01,9.997524182920035640e-01,-5.125060241576261388e-01,9.980779036051050657e-01,-2.394617916535132229e-01,1.000000000000000000e+00,-1.176074519136146024e-01,1.000000000000000000e+00,-2.013839281927448099e-01,1.000000000000000000e+00,-5.775047051125176134e-01,9.965980415014314975e-01,-3.274135854697497461e-01
1.000000000000000000e+00,-3.120315904496526738e-01,9.988008952368919724e-01,-3.339556638643496056e-01,9.978848812129391677e-01,8.055131744341692546e-02,9.983730659819208819e-01,-4.200755450585462736e-01,9.997877501814894652e-01,-5.015660152204970412e-01,9.980622769688087814e-01,-2.260829340642356300e-01,1.000000000000000000e+00,-1.062684812940950518e-01,1.000000000000000000e+00,-1.978333251835585893e-01,1.000000000000000000e+00,-5.712166514745762314e-01,9.966183575245328718e-01,-3.210591427032993828e-01
1.000000000000000000e+00,-2.926222633297229647e-01,9.988083852404180396e-01,-3.176969017427456743e-01,9.979142654349939523e-01,9.612600098938003934e-02,9.983977227057345694e-01,-4.050967770955606895e-01,9.998207984582864194e-01,-4.910877316910018386e-01,9.980479030590935219e-01,-2.134377425338162826e-01,1.000000000000000000e+00,-9.551301074750771780e-02,1.000000000000000000e+00,-1.942901886299603365e-01,1.000000000000000000e+00,-5.651394972940844141e-01,9.966369761160276397e-01,-3.149321889212416403e-01
1.000000000000000000e+00,-2.743782016069408192e-01,9.988151235316155008e-01,-3.023201234147122607e-01,9.979418519106705299e-01,1.108281326748534468e-01,9.984207886795654074e-01,-3.909984549855738400e-01,9.998516920461915092e-01,-4.810655257978034838e-01,9.980346617022793909e-01,-2.014827378466885754e-01,1.000000000000000000e+00,-8.530847484664054459e-02,1.000000000000000000e+00,-1.907694590855651962e-01,1.000000000000000000e+00,-5.592713553119138536e-01,9.966540701202827313e-01,-3.090280234811437765e-01
1.000000000000000000e+00,-2.572208888758202860e-01,9.988211939370336134e-01,-2.877819389494863378e-01,9.979677164973165260e-01,1.247078066238716254e-01,9.984423443586469826e-01,-3.777195615246519700e-01,9.998805517543837285e-01,-4.714917504479748667e-01,9.980224371290568053e-01,-1.901766898109046033e-01,1.000000000000000000e+00,-7.562315499273014607e-02,1.000000000000000000e+00,-1.872835023740897498e-01,1.000000000000000000e+00,-5.536094920583198853e-01,9.966697990251891515e-01,-3.033414137666576860e-01
1.000000000000000000e+00,-2.410761480098357612e-01,9.988266699520536029e-01,-2.740398733398170528e-01,9.979919354914085217e-01,1.378136343215393411e-01,9.984624702878194258e-01,-3.652026703742915492e-01,9.999074902193195724e-01,-4.623573983257199815e-01,9.980111186471102291e-01,-1.794807352013778334e-01,1.000000000000000000e+00,-6.642647510732113680e-02,1.000000000000000000e+00,-1.838425885768145140e-01,1.000000000000000000e+00,-5.481506177757266007e-01,9.966843098228665987e-01,-2.978668480239669014e-01
1.000000000000000000e+00,-2.258741852904669611e-01,9.988316159132519800e-01,-2.610528418671978490e-01,9.980145842951159141e-01,1.501923481824945505e-01,9.984812457509417705e-01,-3.533939411004410336e-01,9.999326119473901375e-01,-4.536526581095364774e-01,9.980006007667786561e-01,-1.693584212594257399e-01,1.000000000000000000e+00,-5.768918877975315329e-02,1.000000000000000000e+00,-1.804553172227732205e-01,1.000000000000000000e+00,-5.428911416804259593e-01,9.966977381082059440e-01,-2.925987560376777097e-01
1.000000000000000000e+00,-2.115495089704951259e-01,9.988360880877784620e-01,-2.487814949141004539e-01,9.980357363625922407e-01,1.618885541446573595e-01,9.984987477855931104e-01,-3.422430173350826110e-01,9.999560133919322968e-01,-4.453674080345055852e-01,9.979907828957162996e-01,-1.597757026130708913e-01,1.000000000000000000e+00,-4.938348695249462905e-02,1.000000000000000000e+00,-1.771289984385949201e-01,1.000000000000000000e+00,-5.378274040704523751e-01,9.967102093415033393e-01,-2.875317082105370847e-01
1.000000000000000000e+00,-1.980407610990138345e-01,9.988401356604578174e-01,-2.371884695250989772e-01,9.980554623568186345e-01,1.729445944328996676e-01,9.985150504784972014e-01,-3.317028595291346416e-01,9.999777830115477162e-01,-4.374916673875037243e-01,9.979815686785993289e-01,-1.507009127904570811e-01,1.000000000000000000e+00,-4.148304842906450074e-02,1.000000000000000000e+00,-1.738700008884325188e-01,1.000000000000000000e+00,-5.329558965765973655e-01,9.967218402347283179e-01,-2.826606033611931412e-01
1.000000000000000000e+00,-1.852904901201436194e-01,9.988438016107099582e-01,-2.262385785875350164e-01,9.980738294545032918e-01,1.834004903334310044e-01,9.985302244706426578e-01,-3.217295340026760098e-01,9.999980012626513703e-01,-4.300160277111731988e-01,9.979728650207632112e-01,-1.421047270483425662e-01,1.000000000000000000e+00,-3.396305014705121306e-02,1.000000000000000000e+00,-1.706840782693041791e-01,1.000000000000000000e+00,-5.282734824001765750e-01,9.967327402490744337e-01,-2.779808559242190613e-01
1.000000000000000000e+00,-1.732448829793738487e-01,9.988471234780227359e-01,-2.158989640899110496e-01,9.980909007401428390e-01,1.932939417009807703e-01,9.985443366113799790e-01,-3.122819723511975898e-01,1.000000000000000000e+00,-4.229320880041803621e-01,9.979645807978536620e-01,-1.339601306532531844e-01,1.000000000000000000e+00,-2.680014996423704665e-02,1.000000000000000000e+00,-1.675766872971768406e-01,1.000000000000000000e+00,-5.237776298761595006e-01,9.967430132173494828e-01,-2.734885943562220811e-01
1.000000000000000000e+00,-1.618534684905617027e-01,9.988501340178652654e-01,-2.061392384662064092e-01,9.981067346299273835e-01,2.026603653049749432e-01,9.985574497073218536e-01,-3.033217090099538660e-01,1.000000000000000000e+00,-4.162329227418498645e-01,9.979566252135707582e-01,-1.262424058562581497e-01,1.000000000000000000e+00,-1.997245135829972540e-02,1.000000000000000000e+00,-1.645533118743454648e-01,1.000000000000000000e+00,-5.194666754737869985e-01,9.967527591316266422e-01,-2.691808846496935859e-01
1.000000000000000000e+00,-1.510687978826436018e-01,9.988528617503779072e-01,-1.969316376461162088e-01,9.981213842602710828e-01,2.115329583003872083e-01,9.985696223137094929e-01,-2.948125992123268313e-01,1.000000000000000000e+00,-4.099136191785837657e-01,9.979489057191976986e-01,-1.189291516354952366e-01,1.000000000000000000e+00,-1.345945662571208790e-02,1.000000000000000000e+00,-1.616198108554914858e-01,1.000000000000000000e+00,-5.153401369503514129e-01,9.967620761682596253e-01,-2.650559962980432727e-01
1.000000000000000000e+00,-1.408461031426976873e-01,9.988553314022274865e-01,-1.882512114402375980e-01,9.981348967618033363e-01,2.199427763461724028e-01,9.985809085112178352e-01,-2.867205139326793328e-01,1.000000000000000000e+00,-4.039719328701837364e-01,9.979413253438671472e-01,-1.120003531701180693e-01,1.000000000000000000e+00,-7.242012503532457846e-03,1.000000000000000000e+00,-1.587828110163098660e-01,1.000000000000000000e+00,-5.113991047232000486e-01,9.967710630641001268e-01,-2.611137334147459743e-01
1.000000000000000000e+00,-1.311429283486262864e-01,9.988575642375162600e-01,-1.800760819961783610e-01,9.981473123132574843e-01,2.279188184287690433e-01,9.985913575963510924e-01,-2.790130016853975548e-01,1.000000000000000000e+00,-3.984091305865256061e-01,9.979337791906650601e-01,-1.054385237043951734e-01,1.000000000000000000e+00,-1.302249077644895836e-03,1.000000000000000000e+00,-1.560501731417027471e-01,1.000000000000000000e+00,-5.076467511549899170e-01,9.967798220174229895e-01,-2.573558618747096571e-01
1.000000000000000000e+00,-1.219187228521379784e-01,9.988595782658314937e-01,-1.723878105539239369e-01,9.981586628228847902e-01,2.354881125090673710e-01,9.986010135814583633e-01,-2.716588977693427664e-01,1.000000000000000000e+00,-3.932311228243093315e-01,9.979261497091495015e-01,-9.922895141063574342e-02,1.000000000000000000e+00,4.376491557920927922e-03,1.000000000000000000e+00,-1.534315685311505861e-01,1.000000000000000000e+00,-5.040890159795038405e-01,9.967884623773063391e-01,-2.537866756862945938e-01
1.000000000000000000e+00,-1.131343768632353253e-01,9.988613883028703011e-01,-1.651719288790226836e-01,9.981689700033630208e-01,2.426757979264185239e-01,9.986099143365033681e-01,-2.646278472089676481e-01,1.000000000000000000e+00,-3.884500430068980603e-01,9.979183001218192572e-01,-9.336010077236298055e-02,1.000000000000000000e+00,9.809747952063213594e-03,1.000000000000000000e+00,-1.509392169844099851e-01,1.000000000000000000e+00,-5.007355561245572240e-01,9.967971055272916159e-01,-2.504137644082765624e-01
1.000000000000000000e+00,-1.047516681488914608e-01,9.988630058388699995e-01,-1.584187185422735178e-01,9.981782424626743921e-01,2.495052022621461751e-01,9.986180900789860537e-01,-2.578896837646956763e-01,1.000000000000000000e+00,-3.840865238889746847e-01,9.979100649914020016e-01,-8.782424699483545871e-02,1.000000000000000000e+00,1.501207862089823375e-02,1.000000000000000000e+00,-1.485888572323636470e-01,1.000000000000000000e+00,-4.976010980300185071e-01,9.968058916001550918e-01,-2.472490714044370264e-01
1.000000000000000000e+00,-9.673257087057268722e-02,9.988644386383047635e-01,-1.521243656821869850e-01,9.981864711764212306e-01,2.559979120771064265e-01,9.986255606659905082e-01,-2.514135654536415743e-01,1.000000000000000000e+00,-3.801730858145458969e-01,9.979012362365760058e-01,-8.261847295969287908e-02,1.000000000000000000e+00,1.999730232216682252e-02,1.000000000000000000e+00,-1.464010488176054614e-01,1.000000000000000000e+00,-4.947074158363405361e-01,9.968149890473038122e-01,-2.443103743906692160e-01
1.000000000000000000e+00,-8.903835065705642537e-02,9.988656899466039629e-01,-1.462926936533432143e-01,9.981936222347006504e-01,2.621738376136663051e-01,9.986323306169946346e-01,-2.451666901309410007e-01,1.000000000000000000e+00,-3.767593508710889716e-01,9.978915416777902614e-01,-7.774625153493014418e-02,1.000000000000000000e+00,2.477895474518385793e-02,1.000000000000000000e+00,-1.444029418160803213e-01,1.000000000000000000e+00,-4.920863102208614670e-01,9.968246087523081611e-01,-2.416233799360438805e-01
1.000000000000000000e+00,-3.238511605838122198e-02,9.989128173826964385e-01,-1.196154895217537567e-01,9.983322779881179665e-01,2.902100455525095657e-01,9.985653807501766455e-01,-2.307410796954209031e-01,1.000000000000000000e+00,-3.588937173385047252e-01,9.978067676243623785e-01,-3.659923566854833554e-02,1.000000000000000000e+00,6.454429373799769332e-02,1.000000000000000000e+00,-1.658085992493570915e-01,1.000000000000000000e+00,-4.836695489743184639e-01,9.968779768453468471e-01,-2.418911899053374781e-01
1.000000000000000000e+00,-2.553980293694260717e-03,9.989788055592089266e-01,-1.163156343504686552e-01,9.983669532161809634e-01,2.956319816792732924e-01,9.987424227579692060e-01,-2.022744795463304324e-01,1.000000000000000000e+00,-3.630800801699016200e-01,9.977457008071696221e-01,-4.192015439253184150e-02,1.000000000000000000e+00,5.786124739274815798e-02,1.000000000000000000e+00,-1.795267766479108351e-01,1.000000000000000000e+00,-4.934509621290655290e-01,9.969585901579831599e-01,-2.478855251866175502e-01
1.000000000000000000e+00,-1.039732650169374051e-02,9.989766165096140016e-01,-1.249834714317449302e-01,9.983570251841027421e-01,2.885017375448758470e-01,9.987370412680246501e-01,-2.087348074441102430e-01,1.000000000000000000e+00,-3.729770273972324857e-01,9.977346220909661945e-01,-4.982176896707088409e-02,1.000000000000000000e+00,5.110136921296015711e-02,1.000000000000000000e+00,-1.863997648013674957e-01,1.000000000000000000e+00,-5.014455678227951463e-01,9.969643027244899924e-01,-2.557905475427834086e-01
1.000000000000000000e+00,-1.851273203395484290e-02,9.989738774471604854e-01,-1.341466009604045939e-01,9.983454893007902564e-01,2.811767528185749043e-01,9.987307231257730455e-01,-2.152453996804911951e-01,1.000000000000000000e+00,-3.840362488077893044e-01,9.977199106984357968e-01,-5.829573341156511768e-02,1.000000000000000000e+00,4.411035123972192884e-02,1.000000000000000000e+00,-1.937325780782939710e-01,1.000000000000000000e+00,-5.102273105067695047e-01,9.969721141949671184e-01,-2.643676443618267480e-01
1.000000000000000000e+00,-1.583310365106189999e-02,9.988987529167403512e-01,-1.068062421058652428e-01,9.981595597156613930e-01,3.187864237625391839e-01,9.988298634215204697e-01,-1.910198635392533761e-01,1.000000000000000000e+00,-3.958719589571332853e-01,9.976982549308792692e-01,-3.634322961824424519e-02,1.000000000000000000e+00,4.944100788639403665e-02,1.000000000000000000e+00,-1.963754184189404062e-01,1.000000000000000000e+00,-5.253860750707500804e-01,9.970009864336903949e-01,-3.105429791509636828e-01
1.000000000000000000e+00,-3.783023844624822801e-02,9.989663443111630459e-01,-1.566848745546100541e-01,9.983122234963635044e-01,2.637873421230582105e-01,9.987096145107031697e-01,-2.298847099553478213e-01,1.000000000000000000e+00,-4.139387878158707346e-01,9.976711577333972070e-01,-7.969604132996260804e-02,1.000000000000000000e+00,2.791421324347324873e-02,1.000000000000000000e+00,-2.117040767013420033e-01,1.000000000000000000e+00,-5.331218626113487513e-01,9.969980343266831024e-01,-2.858602190836282420e-01
1.000000000000000000e+00,-4.682089421159975340e-02,9.989615801822508967e-01,-1.684016415430081848e-01,9.982882345204812102e-01,2.556333575322192742e-01,9.986897580067887192e-01,-2.353727595315345533e-01,1.000000000000000000e+00,-4.334453546520442568e-01,9.976275909998746361e-01,-9.171924174099642391e-02,1.000000000000000000e+00,2.119616272074748009e-02,1.000000000000000000e+00,-2.208168859487303071e-01,1.000000000000000000e+00,-5.468924447293842528e-01,9.970213316368848888e-01,-2.972899120363183267e-01
1.000000000000000000e+00,-3.925454169981508479e-02,9.989548192665279602e-01,-1.567625753552653878e-01,9.980506180281469852e-01,2.829449197457266085e-01,9.987668957530915215e-01,-2.040535150779360929e-01,9.999750848504272982e-01,-4.831776723078700653e-01,9.975849399948771845e-01,-8.058536648202696551e-02,1.000000000000000000e+00,4.225406642015609726e-02,1.000000000000000000e+00,-2.182564534872920292e-01,1.000000000000000000e+00,-5.688853331086491938e-01,9.971227381376385202e-01,-3.429473867485701155e-01
1.000000000000000000e+00,-3.306096989289001309e-01,9.993076625932790780e-01,-4.041534580633168172e-01,9.971751289607163615e-01,4.666135750494482259e-02,9.986961018390440037e-01,-3.791670069199080673e-01,9.994920700641730660e-01,-6.378803962864927346e-01,9.973048866871137008e-01,-1.903593123985831692e-01,1.000000000000000000e+00,-1.233699577073112397e-01,1.000000000000000000e+00,-3.199409268264405970e-01,1.000000000000000000e+00,-6.477592627493979904e-01,9.968862577950449166e-01,-5.501937323763804732e-01
1.000000000000000000e+00,-2.794943350155434381e-01,9.989722190117166223e-01,-2.550316660753100262e-01,9.973410891949894275e-01,1.275782756665124196e-01,9.982599687563388224e-01,-2.282461384735557930e-01,1.000000000000000000e+00,-6.992345992853379322e-01,9.973286503071082665e-01,-2.869886787023600561e-01,1.000000000000000000e+00,-9.777437344838549316e-02,1.000000000000000000e+00,-3.346798338533603090e-01,1.000000000000000000e+00,-7.024227137032525992e-01,9.971099681821709027e-01,-5.632728698866182881e-01
1.000000000000000000e+00,-2.683032701704126666e-01,9.997172691516662546e-01,-2.983115353629050004e-01,9.973659610573643031e-01,1.412488656031989365e-01,9.983554493407605923e-01,-2.988299178496062747e-01,1.000000000000000000e+00,-6.886173024634079098e-01,9.969472577881316466e-01,-2.535021120314168153e-01,1.000000000000000000e+00,-1.416704564215691131e-01,1.000000000000000000e+00,-3.718248041787781677e-01,1.000000000000000000e+00,-7.134590548433163981e-01,9.971420594712372409e-01,-5.520244663909630312e-01
1.000000000000000000e+00,-3.309678464491764283e-01,9.994662317317509759e-01,-3.235059358137786223e-01,9.975776210405414846e-01,1.253360187062532161e-01,9.982289417151486433e-01,-3.189042690214472509e-01,1.000000000000000000e+00,-6.899901418094267491e-01,9.973765774316676325e-01,-1.936427609988747023e-01,1.000000000000000000e+00,-1.484907496761202761e-01,1.000000000000000000e+00,-3.700689167661218582e-01,1.000000000000000000e+00,-7.093125254964520732e-01,9.964006198701359507e-01,-5.652672934749962685e-01
1.000000000000000000e+00,-3.873700403246488344e-02,9.995507389848887758e-01,-2.401166567406821661e-01,9.995469061466888405e-01,2.928729287047548424e-01,9.987405303283782843e-01,-8.618889057424677924e-02,9.993280328536644497e-01,-6.627828172793701622e-01,9.961722399030625841e-01,-1.761275352066788702e-01,1.000000000000000000e+00,1.402825829448335337e-01,1.000000000000000000e+00,-3.645108311220656150e-01,9.996612686767268885e-01,-7.733407895325852266e-01,9.981027845020404854e-01,-5.550427545440095312e-01
1.000000000000000000e+00,-3.001418316453928203e-01,9.987771997989922657e-01,-1.974977620981430704e-01,9.981302716114310858e-01,1.984660527047732437e-01,9.970944277528583921e-01,-1.749575610005757731e-01,9.993099864477710259e-01,-6.626389117259040562e-01,9.973767935152637598e-01,-1.780673633768955211e-01,9.997330951790057707e-01,-2.581085995463752725e-02,1.000000000000000000e+00,-3.033524967740829359e-01,9.997274085677958499e-01,-7.624707125973610999e-01,9.968321196955184371e-01,-5.712226181972464012e-01
1.000000000000000000e+00,-2.957911047223211742e-01,9.987769497397382956e-01,-1.954525353465237369e-01,9.981460896973571861e-01,2.010055320019883407e-01,9.971176095812540607e-01,-1.743730632626308563e-01,9.993227605249705991e-01,-6.598114123124685371e-01,9.973779616234668133e-01,-1.768174813375802956e-01,9.997448176099409389e-01,-2.503566147399804986e-02,1.000000000000000000e+00,-3.039847562110872814e-01,9.997279182556516597e-01,-7.617518414254360604e-01,9.968369910706339487e-01,-5.697678754266500833e-01
1.000000000000000000e+00,-2.915623833961269451e-01,9.987767224152740431e-01,-1.934823438529632011e-01,9.981617211491004005e-01,2.034463611335788902e-01,9.971404753019222911e-01,-1.738610363037547402e-01,9.993354706107863139e-01,-6.570686963456841001e-01,9.973791500296356194e-01,-1.756400789788343797e-01,9.997563565307068245e-01,-2.433995183700704557e-02,1.000000000000000000e+00,-3.046815428586039931e-01,9.997284382268948333e-01,-7.611048865091951665e-01,9.968417488897631795e-01,-5.684015593895788143e-01
1.000000000000000000e+00,-1.811881738921896912e-01,9.992105198994138959e-01,-2.157258099881276814e-01,9.989471643543272883e-01,2.366214548422541641e-01,9.975513387399013165e-01,-1.847403649145553661e-01,9.988054515684673396e-01,-6.789114971747164384e-01,9.975021791896512280e-01,-2.597409997243455559e-01,9.998902522138650717e-01,-9.476807731578551497e-03,1.000000000000000000e+00,-2.629077005958047053e-01,9.993578061319402517e-01,-7.015927380082458420e-01,9.972001013319617968e-01,-5.643520615552464204e-01
1.000000000000000000e+00,-1.832924740196611724e-01,9.992093175703847807e-01,-2.181208704826574363e-01,9.989498793541710109e-01,2.342673843107523912e-01,9.975574123508963442e-01,-1.875917841493533744e-01,9.988106032796005840e-01,-6.809743404343178153e-01,9.975022475535559874e-01,-2.621094893291798789e-01,9.998934533620145171e-01,-1.235615189930577840e-02,1.000000000000000000e+00,-2.663133509266857324e-01,9.993588216538543678e-01,-7.046003481141266400e-01,9.972003418797829033e-01,-5.670140118175509558e-01
1.000000000000000000e+00,-1.854683423153533628e-01,9.992081000529875467e-01,-2.205907049069811832e-01,9.989526417620877563e-01,2.318391639453517561e-01,9.975635847782367005e-01,-1.905257350530235594e-01,9.988158361977517163e-01,-6.831052570205516927e-01,9.975023189382605793e-01,-2.645514258619561243e-01,9.998967031855964249e-01,-1.531889771975408765e-02,1.000000000000000000e+00,-2.698112145157612329e-01,9.993598498082211234e-01,-7.076927134796215935e-01,9.972005804800930795e-01,-5.697562653046532866e-01
1.000000000000000000e+00,-1.330029101191611551e-01,9.988809729077741117e-01,-2.538065301364912374e-01,9.993202852095709465e-01,3.209551195666588419e-01,9.982203443084711747e-01,-1.866792510090044821e-01,9.990400726613376525e-01,-7.376644159714937921e-01,9.976383710188158060e-01,-2.561729477067072880e-01,1.000000000000000000e+00,5.726519582755995597e-03,1.000000000000000000e+00,-2.969502734278494649e-01,1.000000000000000000e+00,-7.935282729803265767e-01,9.973666189961920558e-01,-4.875165102046880583e-01
1.000000000000000000e+00,-1.381216341895231958e-01,9.988812326723279789e-01,-2.588602908911884493e-01,9.993201386858723279e-01,3.160436273962897169e-01,9.982198988981048071e-01,-1.915848751941596206e-01,9.990387005695943179e-01,-7.425998823394692749e-01,9.976384506338882296e-01,-2.610311917448674968e-01,1.000000000000000000e+00,8.124162648069921389e-04,1.000000000000000000e+00,-3.018285796863887649e-01,1.000000000000000000e+00,-7.984337325988324352e-01,9.973662740508203450e-01,-4.924863227232715301e-01
1.000000000000000000e+00,-1.584924091925282719e-01,9.993435643879690078e-01,-2.365485044413677962e-01,9.991867138094208123e-01,3.190224055726648134e-01,9.978024812594016302e-01,-1.953335644938540006e-01,9.989964582334981413e-01,-7.529082251364851430e-01,9.971154828809836168e-01,-1.858103889798937702e-01,1.000000000000000000e+00,4.366908573245620317e-02,1.000000000000000000e+00,-3.397619811359316455e-01,9.999873513750406895e-01,-7.593553478715391325e-01,9.973121786514052012e-01,-5.196468042461103165e-01
1.000000000000000000e+00,-1.629420104493690125e-01,9.993432758461109344e-01,-2.410099317730688973e-01,9.991874660362719540e-01,3.145575573575704054e-01,9.978043462293668675e-01,-1.999088701012527447e-01,9.989974708633226896e-01,-7.570915882438737921e-01,9.971157855470874631e-01,-1.902020442033020287e-01,1.000000000000000000e+00,3.902292079011415726e-02,1.000000000000000000e+00,-3.444992938599639176e-01,9.999867669268841519e-01,-7.639270978253793754e-01,9.973118802351365053e-01,-5.242590412290900614e-01
1.000000000000000000e+00,-6.543472741182698726e-02,9.995312620922595093e-01,-2.653637037713124647e-01,9.995648897937593480e-01,2.648488045840950988e-01,9.987836021997803515e-01,-1.215667761531913083e-01,9.993838366325711320e-01,-6.843021894097454094e-01,9.962022548505999886e-01,-2.038842520993704444e-01,1.000000000000000000e+00,1.033966052127311963e-01,1.000000000000000000e+00,-4.019400989595270923e-01,9.996560631942641439e-01,-8.051806709160764797e-01,9.980825165171041125e-01,-5.862910983027966871e-01
1.000000000000000000e+00,-7.508613448710488303e-02,9.995343667350899963e-01,-2.750934135309344164e-01,9.995622993671265943e-01,2.558744084944923336e-01,9.987775342192385386e-01,-1.295220249467617935e-01,9.993729153039011548e-01,-6.941303898411703699e-01,9.961985736780600842e-01,-2.127405686231949589e-01,1.000000000000000000e+00,9.558100321133439214e-02,1.000000000000000000e+00,-4.096338907157548448e-01,9.996559569306041615e-01,-8.136568326220536829e-01,9.980842325008242311e-01,-5.950086354676749067e-01
1.000000000000000000e+00,-8.474453584292093722e-02,9.995372745689754534e-01,-2.848158355396480657e-01,9.995599038592360985e-01,2.468654843673662169e-01,9.987718844907195193e-01,-1.375837879550870224e-01,9.993626507034281126e-01,-7.039250492901580891e-01,9.961952098698224622e-01,-2.216304167085099697e-01,1.000000000000000000e+00,8.764445438033724445e-02,1.000000000000000000e+00,-4.174548543582896065e-01,9.996558390726831833e-01,-8.222019102060822426e-01,9.980857565610579130e-01,-6.037880314942645210e-01
1.000000000000000000e+00,-2.960907808857519141e-01,9.984440136739067828e-01,-2.747605945925177262e-01,9.984856193150117853e-01,2.386892919640471455e-01,9.977615788808857911e-01,-2.195598197234248927e-01,9.995710538828628255e-01,-7.572662664739913119e-01,9.975055663521248395e-01,-2.126146612820307147e-01,1.000000000000000000e+00,-5.471261990650239104e-02,1.000000000000000000e+00,-3.831542643085095734e-01,1.000000000000000000e+00,-8.962475788495269935e-01,9.969837333723612360e-01,-5.395848696269808231e-01
1.000000000000000000e+00,-3.425381751925355989e-01,9.985689980925366305e-01,-2.002058214892073473e-01,9.978266392032413279e-01,1.337934865583089161e-01,9.974806951732833049e-01,-2.746206695292630062e-01,9.995040665257181045e-01,-7.458338874239038851e-01,9.973093978536065052e-01,-2.617696500885695055e-01,9.997626014741345379e-01,-1.103995932963301452e-01,1.000000000000000000e+00,-3.748864781077903552e-01,1.000000000000000000e+00,-8.454446016021461840e-01,9.970324082431027968e-01,-6.088978473175756800e-01
1.000000000000000000e+00,-3.379733644065956444e-01,9.985698023437891147e-01,-1.983175725913478016e-01,9.978456728338547244e-01,1.364886533547782776e-01,9.975045064690833962e-01,-2.739285465725651014e-01,9.995174838235044712e-01,-7.426750534074246790e-01,9.973110856447837680e-01,-2.603768283253455884e-01,9.997753275078962165e-01,-1.095859285425156981e-01,1.000000000000000000e+00,-3.757076891323433143e-01,1.000000000000000000e+00,-8.446793161734752475e-01,9.970366421427178105e-01,-6.075600207237075168e-01
1.000000000000000000e+00,-1.895886833691262929e-01,9.993371393897094723e-01,-2.683319556186777866e-01,9.992002491827733923e-01,2.859413566405791252e-01,9.978365725899975835e-01,-2.302978160367656069e-01,9.990248298567053764e-01,-7.811530837135320926e-01,9.971191744718006511e-01,-2.180566784316580464e-01,1.000000000000000000e+00,7.657908260376877774e-03,1.000000000000000000e+00,-3.776775446273401005e-01,9.999801613369243558e-01,-7.942142610623927901e-01,9.973101118827673028e-01,-5.547019401476753764e-01
1.000000000000000000e+00,-2.935411907407798893e-01,9.982487140903565370e-01,-2.268277684639924408e-01,9.981513979795707536e-01,2.147579166202882583e-01,9.981188613871594395e-01,-2.742554278276235769e-01,9.997607675946696970e-01,-7.926007849105192182e-01,9.974281348048558149e-01,-2.523711020168276642e-01,1.000000000000000000e+00,-9.466847108649559250e-02,1.000000000000000000e+00,-4.063855349495442137e-01,1.000000000000000000e+00,-9.282746726021247063e-01,9.971841676123824882e-01,-5.344832520487980965e-01
1.000000000000000000e+00,-3.375414506314388108e-01,9.985716501131579603e-01,-2.027835490711205058e-01,9.978815033048215044e-01,1.336736718220657982e-01,9.975487984330798641e-01,-2.804941057426041939e-01,9.995418220444108881e-01,-7.444784608731083164e-01,9.973144009385606079e-01,-2.654593537931438374e-01,9.997989605720368766e-01,-1.159758339012688655e-01,1.000000000000000000e+00,-3.852111090488434253e-01,1.000000000000000000e+00,-8.511286821664532098e-01,9.970437097150275374e-01,-6.130637508957550441e-01
1.000000000000000000e+00,-1.769632563868183961e-01,9.988769864204036786e-01,-2.984435348432728508e-01,9.993449416831347021e-01,2.727438752862404447e-01,9.982806327133405544e-01,-2.387732221301905877e-01,9.991008591331020927e-01,-7.764821546472207014e-01,9.976345856118520317e-01,-3.014388226606543042e-01,1.000000000000000000e+00,-4.744221160603045995e-02,1.000000000000000000e+00,-3.557019744899995728e-01,1.000000000000000000e+00,-8.445149914131636626e-01,9.973626638254334820e-01,-5.400314555350456125e-01
1.000000000000000000e+00,-3.404541305064617829e-01,9.985728173331434032e-01,-2.083845427670406592e-01,9.979015880344693779e-01,1.290492692845320311e-01,9.975734065714860765e-01,-2.872126590878690822e-01,9.995550987824789457e-01,-7.484806279628217762e-01,9.973162996160560567e-01,-2.712816294995223920e-01,9.998120758715062228e-01,-1.226173057633902219e-01,1.000000000000000000e+00,-3.936133457542536629e-01,1.000000000000000000e+00,-8.577908393806595866e-01,9.970473124735704795e-01,-6.192484810249925253e-01
1.000000000000000000e+00,-3.038756477604300787e-01,9.991033939772884231e-01,-2.990471878464562305e-01,9.977832282988984280e-01,1.104961529739567072e-01,9.976535923884556345e-01,-3.787086564873856087e-01,1.000000000000000000e+00,-7.217017993377536911e-01,9.970708858619584669e-01,-2.367183481734735639e-01,1.000000000000000000e+00,-2.790328086883384628e-01,1.000000000000000000e+00,-4.065958260380536649e-01,9.998258184019135353e-01,-8.683157571837776256e-01,9.968270479627312497e-01,-5.825794389546870011e-01
1.000000000000000000e+00,-3.091711941286471865e-01,9.996157043009099574e-01,-3.462445687223063007e-01,9.975724774076099033e-01,9.200303036393014944e-02,9.984683915479150018e-01,-3.627734810115125219e-01,1.000000000000000000e+00,-7.370700444329174594e-01,9.969969100697140263e-01,-3.116906482203179451e-01,1.000000000000000000e+00,-2.058508403208265669e-01,1.000000000000000000e+00,-4.506291974784477627e-01,1.000000000000000000e+00,-7.914834675017730081e-01,9.971559098794988696e-01,-6.176506172400149097e-01
1.000000000000000000e+00,-3.336043647971044246e-01,9.985752268217706895e-01,-2.081988629973555993e-01,9.979508032244421845e-01,1.312174856759948938e-01,9.976341647085235076e-01,-2.901736500057259804e-01,9.995901289354055530e-01,-7.448693955043899084e-01,9.973210071499165608e-01,-2.722682857850690086e-01,9.998443837293115033e-01,-1.253372976593506716e-01,1.000000000000000000e+00,-4.006036560220379572e-01,1.000000000000000000e+00,-8.605519436884273565e-01,9.970572331543594569e-01,-6.206831811796000853e-01
1.000000000000000000e+00,-2.990199824588326005e-01,9.990920756729442243e-01,-2.974241075308469151e-01,9.978315109735679256e-01,1.122094517826044968e-01,9.977078145274995702e-01,-3.799458057029124203e-01,1.000000000000000000e+00,-7.195934406342270329e-01,9.970816680502023743e-01,-2.391110497208741303e-01,1.000000000000000000e+00,-2.787146996784115593e-01,1.000000000000000000e+00,-4.133870518225130075e-01,9.998293767392788522e-01,-8.712946713154404721e-01,9.968408199085336818e-01,-5.854198852599518110e-01
1.000000000000000000e+00,-3.051614473305209185e-01,9.995909304951077212e-01,-3.441874929759237145e-01,9.976247156134635530e-01,9.336061613706397866e-02,9.984984265796921221e-01,-3.651857149823990456e-01,1.000000000000000000e+00,-7.353924205521642499e-01,9.970093197668624674e-01,-3.127334379734642011e-01,1.000000000000000000e+00,-2.083220568164616815e-01,1.000000000000000000e+00,-4.567818493857068729e-01,1.000000000000000000e+00,-7.972259952612155143e-01,9.971601595555960040e-01,-6.202424972033968587e-01
1.000000000000000000e+00,-3.528553272568532573e-01,9.992458808905290146e-01,-4.276948660547312819e-01,9.974961078444242180e-01,1.876602513570402309e-02,9.987853853863095654e-01,-4.300282361948809529e-01,9.997061513167093683e-01,-6.926155787849492818e-01,9.973081062737244595e-01,-2.603842886772247955e-01,1.000000000000000000e+00,-1.933973159941023423e-01,1.000000000000000000e+00,-4.161478464533355237e-01,1.000000000000000000e+00,-7.454095892747848451e-01,9.969478582504496256e-01,-6.185812054551860228e-01
1.000000000000000000e+00,-3.483622491341137883e-01,9.992414023036956250e-01,-4.234300247836759734e-01,9.975190425790153581e-01,2.255502813429005604e-02,9.987929726341150394e-01,-4.278996584740490383e-01,9.997224512282357756e-01,-6.905141909571143044e-01,9.973085841926896400e-01,-2.595220337241903596e-01,1.000000000000000000e+00,-1.925346791797275525e-01,1.000000000000000000e+00,-4.171492504990780281e-01,1.000000000000000000e+00,-7.463880097163901883e-01,9.969526047105081723e-01,-6.175251860135151372e-01
1.000000000000000000e+00,-2.970562887476597691e-01,9.995626618003407016e-01,-3.383787621396235901e-01,9.976848513091730597e-01,9.822924262480198232e-02,9.985333364579765947e-01,-3.646536193584131169e-01,1.000000000000000000e+00,-7.300888132980808409e-01,9.970235799511503183e-01,-3.106466837483837229e-01,1.000000000000000000e+00,-2.078527955942456873e-01,1.000000000000000000e+00,-4.605744196760771514e-01,1.000000000000000000e+00,-8.004514406093241607e-01,9.971652584463924773e-01,-6.198627840666692812e-01
